rmse,mae,r2,data
0.016955876579393826,0.014250478449408832,0.9963199775926319,train
0.045831339867962895,0.03824738802950822,0.9731134500596131,test
