rmse,mae,r2,data
0.028015148987559458,0.022361330397160283,0.9899539382682221,train
0.3889720028962537,0.349568270295909,-0.9366300036751769,test
