rmse,mae,r2,data
0.1292521800477452,0.09715332435618977,0.9490860920469494,train
0.12019603641678706,0.09335222725990122,0.9559707819571639,test
